showSelected1	ymin	ymax	xmin	xmax
1	0	0	0.55	1.45
1	0	0	1.55	2.45
1	0	0	2.55	3.45
1	0	0	3.55	4.45
1	0	0	4.55	5.45
1	0	0	5.55	6.45
1	0	0	6.55	7.45
1	0	0	7.55	8.45
2	0	0	0.55	1.45
2	0	0	1.55	2.45
2	0	0	2.55	3.45
2	0	0	3.55	4.45
2	0	0	4.55	5.45
2	0	0	5.55	6.45
2	0	0	6.55	7.45
2	0	0	7.55	8.45
3	0	0	0.55	1.45
3	0	0	1.55	2.45
3	0	0	2.55	3.45
3	0	0	3.55	4.45
3	0	0	4.55	5.45
3	0	0	5.55	6.45
3	0	0	6.55	7.45
3	0	0	7.55	8.45
4	0	0	0.55	1.45
4	0	0	1.55	2.45
4	0	0	2.55	3.45
4	0	0	3.55	4.45
4	0	0	4.55	5.45
4	0	0	5.55	6.45
4	0	0	6.55	7.45
4	0	0	7.55	8.45
5	0	0	0.55	1.45
5	0	0	1.55	2.45
5	0	0	2.55	3.45
5	0	0	3.55	4.45
5	0	0	4.55	5.45
5	0	0	5.55	6.45
5	0	0	6.55	7.45
5	0	0	7.55	8.45
6	0	0	0.55	1.45
6	0	0	1.55	2.45
6	0	0	2.55	3.45
6	0	0	3.55	4.45
6	0	0	4.55	5.45
6	0	0	5.55	6.45
6	0	0	6.55	7.45
6	0	0	7.55	8.45
7	0	0	0.55	1.45
7	0	0	1.55	2.45
7	0	0	2.55	3.45
7	0	0	3.55	4.45
7	0	0	4.55	5.45
7	0	0	5.55	6.45
7	0	0	6.55	7.45
7	0	0	7.55	8.45
8	0	0	0.55	1.45
8	0	0	1.55	2.45
8	0	0	2.55	3.45
8	0	0	3.55	4.45
8	0	0	4.55	5.45
8	0	0	5.55	6.45
8	0	0	6.55	7.45
8	0	0	7.55	8.45
9	0	0	0.55	1.45
9	0	0	1.55	2.45
9	0	0	2.55	3.45
9	0	0	3.55	4.45
9	0	0	4.55	5.45
9	0	0	5.55	6.45
9	0	0	6.55	7.45
9	0	0	7.55	8.45
10	0	0	0.55	1.45
10	0	0	1.55	2.45
10	0	0	2.55	3.45
10	0	0	3.55	4.45
10	0	0	4.55	5.45
10	0	0	5.55	6.45
10	0	0	6.55	7.45
10	0	0	7.55	8.45
11	0	0	0.55	1.45
11	0	0	1.55	2.45
11	0	0	2.55	3.45
11	0	0	3.55	4.45
11	0	0	4.55	5.45
11	0	0	5.55	6.45
11	0	0	6.55	7.45
11	0	0	7.55	8.45
12	0	0	0.55	1.45
12	0	0	1.55	2.45
12	0	0	2.55	3.45
12	0	0	3.55	4.45
12	0	0	4.55	5.45
12	0	0	5.55	6.45
12	0	0	6.55	7.45
12	0	0	7.55	8.45
13	0	0	0.55	1.45
13	0	0	1.55	2.45
13	0	0	2.55	3.45
13	0	0	3.55	4.45
13	0	0	4.55	5.45
13	0	0	5.55	6.45
13	0	0	6.55	7.45
13	0	0	7.55	8.45
14	0	0	0.55	1.45
14	0	0	1.55	2.45
14	0	0	2.55	3.45
14	0	0	3.55	4.45
14	0	0	4.55	5.45
14	0	0	5.55	6.45
14	0	0	6.55	7.45
14	0	0	7.55	8.45
15	0	0	0.55	1.45
15	0	0	1.55	2.45
15	0	0	2.55	3.45
15	0	0	3.55	4.45
15	0	0	4.55	5.45
15	0	0	5.55	6.45
15	0	0	6.55	7.45
15	0	0	7.55	8.45
16	0	0	0.55	1.45
16	0	0	1.55	2.45
16	0	0	2.55	3.45
16	0	0	3.55	4.45
16	0	0	4.55	5.45
16	0	0	5.55	6.45
16	0	0	6.55	7.45
16	0	0	7.55	8.45
17	0	0	0.55	1.45
17	0	0	1.55	2.45
17	0	0	2.55	3.45
17	0	1	3.55	4.45
17	0	0	4.55	5.45
17	0	0	5.55	6.45
17	0	0	6.55	7.45
17	0	0	7.55	8.45
18	0	0	0.55	1.45
18	0	0	1.55	2.45
18	0	0	2.55	3.45
18	0	2	3.55	4.45
18	0	0	4.55	5.45
18	0	0	5.55	6.45
18	0	0	6.55	7.45
18	0	0	7.55	8.45
19	0	0	0.55	1.45
19	0	0	1.55	2.45
19	0	1	2.55	3.45
19	0	2	3.55	4.45
19	0	0	4.55	5.45
19	0	0	5.55	6.45
19	0	0	6.55	7.45
19	0	0	7.55	8.45
20	0	0	0.55	1.45
20	0	0	1.55	2.45
20	0	1	2.55	3.45
20	0	2	3.55	4.45
20	0	0	4.55	5.45
20	0	0	5.55	6.45
20	0	1	6.55	7.45
20	0	0	7.55	8.45
21	0	0	0.55	1.45
21	0	0	1.55	2.45
21	0	1	2.55	3.45
21	0	3	3.55	4.45
21	0	0	4.55	5.45
21	0	0	5.55	6.45
21	0	1	6.55	7.45
21	0	0	7.55	8.45
22	0	0	0.55	1.45
22	0	0	1.55	2.45
22	0	1	2.55	3.45
22	0	3	3.55	4.45
22	0	0	4.55	5.45
22	0	1	5.55	6.45
22	0	1	6.55	7.45
22	0	0	7.55	8.45
23	0	0	0.55	1.45
23	0	1	1.55	2.45
23	0	1	2.55	3.45
23	0	3	3.55	4.45
23	0	0	4.55	5.45
23	0	1	5.55	6.45
23	0	1	6.55	7.45
23	0	0	7.55	8.45
24	0	0	0.55	1.45
24	0	1	1.55	2.45
24	0	1	2.55	3.45
24	0	3	3.55	4.45
24	0	0	4.55	5.45
24	0	2	5.55	6.45
24	0	1	6.55	7.45
24	0	0	7.55	8.45
25	0	0	0.55	1.45
25	0	1	1.55	2.45
25	0	1	2.55	3.45
25	0	3	3.55	4.45
25	0	1	4.55	5.45
25	0	2	5.55	6.45
25	0	1	6.55	7.45
25	0	0	7.55	8.45
26	0	0	0.55	1.45
26	0	2	1.55	2.45
26	0	1	2.55	3.45
26	0	3	3.55	4.45
26	0	1	4.55	5.45
26	0	2	5.55	6.45
26	0	1	6.55	7.45
26	0	0	7.55	8.45
27	0	0	0.55	1.45
27	0	2	1.55	2.45
27	0	1	2.55	3.45
27	0	3	3.55	4.45
27	0	2	4.55	5.45
27	0	2	5.55	6.45
27	0	1	6.55	7.45
27	0	0	7.55	8.45
28	0	0	0.55	1.45
28	0	2	1.55	2.45
28	0	2	2.55	3.45
28	0	3	3.55	4.45
28	0	2	4.55	5.45
28	0	2	5.55	6.45
28	0	1	6.55	7.45
28	0	0	7.55	8.45
29	0	0	0.55	1.45
29	0	2	1.55	2.45
29	0	2	2.55	3.45
29	0	4	3.55	4.45
29	0	2	4.55	5.45
29	0	2	5.55	6.45
29	0	1	6.55	7.45
29	0	0	7.55	8.45
30	0	0	0.55	1.45
30	0	2	1.55	2.45
30	0	2	2.55	3.45
30	0	4	3.55	4.45
30	0	2	4.55	5.45
30	0	2	5.55	6.45
30	0	2	6.55	7.45
30	0	0	7.55	8.45
31	0	0	0.55	1.45
31	0	2	1.55	2.45
31	0	2	2.55	3.45
31	0	4	3.55	4.45
31	0	2	4.55	5.45
31	0	2	5.55	6.45
31	0	3	6.55	7.45
31	0	0	7.55	8.45
32	0	1	0.55	1.45
32	0	2	1.55	2.45
32	0	2	2.55	3.45
32	0	4	3.55	4.45
32	0	2	4.55	5.45
32	0	2	5.55	6.45
32	0	3	6.55	7.45
32	0	0	7.55	8.45
33	0	1	0.55	1.45
33	0	2	1.55	2.45
33	0	2	2.55	3.45
33	0	5	3.55	4.45
33	0	2	4.55	5.45
33	0	2	5.55	6.45
33	0	3	6.55	7.45
33	0	0	7.55	8.45
34	0	1	0.55	1.45
34	0	2	1.55	2.45
34	0	2	2.55	3.45
34	0	5	3.55	4.45
34	0	2	4.55	5.45
34	0	3	5.55	6.45
34	0	3	6.55	7.45
34	0	0	7.55	8.45
35	0	1	0.55	1.45
35	0	2	1.55	2.45
35	0	2	2.55	3.45
35	0	5	3.55	4.45
35	0	2	4.55	5.45
35	0	3	5.55	6.45
35	0	3	6.55	7.45
35	0	1	7.55	8.45
36	0	1	0.55	1.45
36	0	2	1.55	2.45
36	0	2	2.55	3.45
36	0	6	3.55	4.45
36	0	2	4.55	5.45
36	0	3	5.55	6.45
36	0	3	6.55	7.45
36	0	1	7.55	8.45
37	0	1	0.55	1.45
37	0	2	1.55	2.45
37	0	2	2.55	3.45
37	0	6	3.55	4.45
37	0	2	4.55	5.45
37	0	4	5.55	6.45
37	0	3	6.55	7.45
37	0	1	7.55	8.45
38	0	2	0.55	1.45
38	0	2	1.55	2.45
38	0	2	2.55	3.45
38	0	6	3.55	4.45
38	0	2	4.55	5.45
38	0	4	5.55	6.45
38	0	3	6.55	7.45
38	0	1	7.55	8.45
39	0	2	0.55	1.45
39	0	2	1.55	2.45
39	0	2	2.55	3.45
39	0	7	3.55	4.45
39	0	2	4.55	5.45
39	0	4	5.55	6.45
39	0	3	6.55	7.45
39	0	1	7.55	8.45
40	0	2	0.55	1.45
40	0	3	1.55	2.45
40	0	2	2.55	3.45
40	0	7	3.55	4.45
40	0	2	4.55	5.45
40	0	4	5.55	6.45
40	0	3	6.55	7.45
40	0	1	7.55	8.45
41	0	2	0.55	1.45
41	0	3	1.55	2.45
41	0	2	2.55	3.45
41	0	8	3.55	4.45
41	0	2	4.55	5.45
41	0	4	5.55	6.45
41	0	3	6.55	7.45
41	0	1	7.55	8.45
42	0	2	0.55	1.45
42	0	3	1.55	2.45
42	0	2	2.55	3.45
42	0	8	3.55	4.45
42	0	2	4.55	5.45
42	0	5	5.55	6.45
42	0	3	6.55	7.45
42	0	1	7.55	8.45
43	0	2	0.55	1.45
43	0	3	1.55	2.45
43	0	3	2.55	3.45
43	0	8	3.55	4.45
43	0	2	4.55	5.45
43	0	5	5.55	6.45
43	0	3	6.55	7.45
43	0	1	7.55	8.45
44	0	2	0.55	1.45
44	0	3	1.55	2.45
44	0	3	2.55	3.45
44	0	9	3.55	4.45
44	0	2	4.55	5.45
44	0	5	5.55	6.45
44	0	3	6.55	7.45
44	0	1	7.55	8.45
45	0	2	0.55	1.45
45	0	3	1.55	2.45
45	0	3	2.55	3.45
45	0	9	3.55	4.45
45	0	2	4.55	5.45
45	0	5	5.55	6.45
45	0	4	6.55	7.45
45	0	1	7.55	8.45
46	0	2	0.55	1.45
46	0	3	1.55	2.45
46	0	3	2.55	3.45
46	0	9	3.55	4.45
46	0	3	4.55	5.45
46	0	5	5.55	6.45
46	0	4	6.55	7.45
46	0	1	7.55	8.45
47	0	2	0.55	1.45
47	0	3	1.55	2.45
47	0	3	2.55	3.45
47	0	9	3.55	4.45
47	0	4	4.55	5.45
47	0	5	5.55	6.45
47	0	4	6.55	7.45
47	0	1	7.55	8.45
48	0	2	0.55	1.45
48	0	3	1.55	2.45
48	0	3	2.55	3.45
48	0	9	3.55	4.45
48	0	4	4.55	5.45
48	0	6	5.55	6.45
48	0	4	6.55	7.45
48	0	1	7.55	8.45
49	0	2	0.55	1.45
49	0	3	1.55	2.45
49	0	3	2.55	3.45
49	0	10	3.55	4.45
49	0	4	4.55	5.45
49	0	6	5.55	6.45
49	0	4	6.55	7.45
49	0	1	7.55	8.45
50	0	2	0.55	1.45
50	0	3	1.55	2.45
50	0	3	2.55	3.45
50	0	10	3.55	4.45
50	0	4	4.55	5.45
50	0	7	5.55	6.45
50	0	4	6.55	7.45
50	0	1	7.55	8.45
51	0	2	0.55	1.45
51	0	4	1.55	2.45
51	0	3	2.55	3.45
51	0	10	3.55	4.45
51	0	4	4.55	5.45
51	0	7	5.55	6.45
51	0	4	6.55	7.45
51	0	1	7.55	8.45
52	0	2	0.55	1.45
52	0	4	1.55	2.45
52	0	3	2.55	3.45
52	0	10	3.55	4.45
52	0	4	4.55	5.45
52	0	8	5.55	6.45
52	0	4	6.55	7.45
52	0	1	7.55	8.45
53	0	2	0.55	1.45
53	0	4	1.55	2.45
53	0	3	2.55	3.45
53	0	11	3.55	4.45
53	0	4	4.55	5.45
53	0	8	5.55	6.45
53	0	4	6.55	7.45
53	0	1	7.55	8.45
54	0	2	0.55	1.45
54	0	4	1.55	2.45
54	0	3	2.55	3.45
54	0	12	3.55	4.45
54	0	4	4.55	5.45
54	0	8	5.55	6.45
54	0	4	6.55	7.45
54	0	1	7.55	8.45
55	0	2	0.55	1.45
55	0	4	1.55	2.45
55	0	3	2.55	3.45
55	0	13	3.55	4.45
55	0	4	4.55	5.45
55	0	8	5.55	6.45
55	0	4	6.55	7.45
55	0	1	7.55	8.45
56	0	2	0.55	1.45
56	0	4	1.55	2.45
56	0	3	2.55	3.45
56	0	13	3.55	4.45
56	0	5	4.55	5.45
56	0	8	5.55	6.45
56	0	4	6.55	7.45
56	0	1	7.55	8.45
57	0	2	0.55	1.45
57	0	4	1.55	2.45
57	0	3	2.55	3.45
57	0	14	3.55	4.45
57	0	5	4.55	5.45
57	0	8	5.55	6.45
57	0	4	6.55	7.45
57	0	1	7.55	8.45
58	0	2	0.55	1.45
58	0	4	1.55	2.45
58	0	3	2.55	3.45
58	0	14	3.55	4.45
58	0	5	4.55	5.45
58	0	8	5.55	6.45
58	0	5	6.55	7.45
58	0	1	7.55	8.45
59	0	3	0.55	1.45
59	0	4	1.55	2.45
59	0	3	2.55	3.45
59	0	14	3.55	4.45
59	0	5	4.55	5.45
59	0	8	5.55	6.45
59	0	5	6.55	7.45
59	0	1	7.55	8.45
60	0	3	0.55	1.45
60	0	4	1.55	2.45
60	0	3	2.55	3.45
60	0	14	3.55	4.45
60	0	6	4.55	5.45
60	0	8	5.55	6.45
60	0	5	6.55	7.45
60	0	1	7.55	8.45
61	0	3	0.55	1.45
61	0	4	1.55	2.45
61	0	4	2.55	3.45
61	0	14	3.55	4.45
61	0	6	4.55	5.45
61	0	8	5.55	6.45
61	0	5	6.55	7.45
61	0	1	7.55	8.45
62	0	3	0.55	1.45
62	0	4	1.55	2.45
62	0	4	2.55	3.45
62	0	14	3.55	4.45
62	0	6	4.55	5.45
62	0	9	5.55	6.45
62	0	5	6.55	7.45
62	0	1	7.55	8.45
63	0	4	0.55	1.45
63	0	4	1.55	2.45
63	0	4	2.55	3.45
63	0	14	3.55	4.45
63	0	6	4.55	5.45
63	0	9	5.55	6.45
63	0	5	6.55	7.45
63	0	1	7.55	8.45
64	0	4	0.55	1.45
64	0	4	1.55	2.45
64	0	4	2.55	3.45
64	0	14	3.55	4.45
64	0	6	4.55	5.45
64	0	10	5.55	6.45
64	0	5	6.55	7.45
64	0	1	7.55	8.45
65	0	4	0.55	1.45
65	0	4	1.55	2.45
65	0	4	2.55	3.45
65	0	14	3.55	4.45
65	0	6	4.55	5.45
65	0	10	5.55	6.45
65	0	5	6.55	7.45
65	0	2	7.55	8.45
66	0	4	0.55	1.45
66	0	4	1.55	2.45
66	0	4	2.55	3.45
66	0	14	3.55	4.45
66	0	7	4.55	5.45
66	0	10	5.55	6.45
66	0	5	6.55	7.45
66	0	2	7.55	8.45
67	0	4	0.55	1.45
67	0	4	1.55	2.45
67	0	4	2.55	3.45
67	0	14	3.55	4.45
67	0	7	4.55	5.45
67	0	10	5.55	6.45
67	0	6	6.55	7.45
67	0	2	7.55	8.45
68	0	4	0.55	1.45
68	0	4	1.55	2.45
68	0	4	2.55	3.45
68	0	14	3.55	4.45
68	0	7	4.55	5.45
68	0	10	5.55	6.45
68	0	6	6.55	7.45
68	0	3	7.55	8.45
69	0	4	0.55	1.45
69	0	4	1.55	2.45
69	0	4	2.55	3.45
69	0	14	3.55	4.45
69	0	8	4.55	5.45
69	0	10	5.55	6.45
69	0	6	6.55	7.45
69	0	3	7.55	8.45
70	0	4	0.55	1.45
70	0	4	1.55	2.45
70	0	4	2.55	3.45
70	0	15	3.55	4.45
70	0	8	4.55	5.45
70	0	10	5.55	6.45
70	0	6	6.55	7.45
70	0	3	7.55	8.45
71	0	4	0.55	1.45
71	0	4	1.55	2.45
71	0	4	2.55	3.45
71	0	15	3.55	4.45
71	0	8	4.55	5.45
71	0	10	5.55	6.45
71	0	7	6.55	7.45
71	0	3	7.55	8.45
72	0	4	0.55	1.45
72	0	5	1.55	2.45
72	0	4	2.55	3.45
72	0	15	3.55	4.45
72	0	8	4.55	5.45
72	0	10	5.55	6.45
72	0	7	6.55	7.45
72	0	3	7.55	8.45
73	0	4	0.55	1.45
73	0	5	1.55	2.45
73	0	4	2.55	3.45
73	0	15	3.55	4.45
73	0	8	4.55	5.45
73	0	11	5.55	6.45
73	0	7	6.55	7.45
73	0	3	7.55	8.45
74	0	4	0.55	1.45
74	0	5	1.55	2.45
74	0	4	2.55	3.45
74	0	15	3.55	4.45
74	0	9	4.55	5.45
74	0	11	5.55	6.45
74	0	7	6.55	7.45
74	0	3	7.55	8.45
75	0	4	0.55	1.45
75	0	5	1.55	2.45
75	0	4	2.55	3.45
75	0	15	3.55	4.45
75	0	10	4.55	5.45
75	0	11	5.55	6.45
75	0	7	6.55	7.45
75	0	3	7.55	8.45
76	0	4	0.55	1.45
76	0	5	1.55	2.45
76	0	4	2.55	3.45
76	0	15	3.55	4.45
76	0	10	4.55	5.45
76	0	11	5.55	6.45
76	0	8	6.55	7.45
76	0	3	7.55	8.45
77	0	4	0.55	1.45
77	0	5	1.55	2.45
77	0	4	2.55	3.45
77	0	15	3.55	4.45
77	0	11	4.55	5.45
77	0	11	5.55	6.45
77	0	8	6.55	7.45
77	0	3	7.55	8.45
78	0	5	0.55	1.45
78	0	5	1.55	2.45
78	0	4	2.55	3.45
78	0	15	3.55	4.45
78	0	11	4.55	5.45
78	0	11	5.55	6.45
78	0	8	6.55	7.45
78	0	3	7.55	8.45
79	0	5	0.55	1.45
79	0	5	1.55	2.45
79	0	4	2.55	3.45
79	0	16	3.55	4.45
79	0	11	4.55	5.45
79	0	11	5.55	6.45
79	0	8	6.55	7.45
79	0	3	7.55	8.45
80	0	5	0.55	1.45
80	0	5	1.55	2.45
80	0	4	2.55	3.45
80	0	16	3.55	4.45
80	0	11	4.55	5.45
80	0	12	5.55	6.45
80	0	8	6.55	7.45
80	0	3	7.55	8.45
81	0	5	0.55	1.45
81	0	5	1.55	2.45
81	0	4	2.55	3.45
81	0	17	3.55	4.45
81	0	11	4.55	5.45
81	0	12	5.55	6.45
81	0	8	6.55	7.45
81	0	3	7.55	8.45
82	0	6	0.55	1.45
82	0	5	1.55	2.45
82	0	4	2.55	3.45
82	0	17	3.55	4.45
82	0	11	4.55	5.45
82	0	12	5.55	6.45
82	0	8	6.55	7.45
82	0	3	7.55	8.45
83	0	6	0.55	1.45
83	0	5	1.55	2.45
83	0	4	2.55	3.45
83	0	17	3.55	4.45
83	0	12	4.55	5.45
83	0	12	5.55	6.45
83	0	8	6.55	7.45
83	0	3	7.55	8.45
84	0	6	0.55	1.45
84	0	5	1.55	2.45
84	0	5	2.55	3.45
84	0	17	3.55	4.45
84	0	12	4.55	5.45
84	0	12	5.55	6.45
84	0	8	6.55	7.45
84	0	3	7.55	8.45
85	0	7	0.55	1.45
85	0	5	1.55	2.45
85	0	5	2.55	3.45
85	0	17	3.55	4.45
85	0	12	4.55	5.45
85	0	12	5.55	6.45
85	0	8	6.55	7.45
85	0	3	7.55	8.45
86	0	7	0.55	1.45
86	0	5	1.55	2.45
86	0	5	2.55	3.45
86	0	17	3.55	4.45
86	0	13	4.55	5.45
86	0	12	5.55	6.45
86	0	8	6.55	7.45
86	0	3	7.55	8.45
87	0	7	0.55	1.45
87	0	5	1.55	2.45
87	0	5	2.55	3.45
87	0	17	3.55	4.45
87	0	13	4.55	5.45
87	0	12	5.55	6.45
87	0	9	6.55	7.45
87	0	3	7.55	8.45
88	0	7	0.55	1.45
88	0	5	1.55	2.45
88	0	5	2.55	3.45
88	0	18	3.55	4.45
88	0	13	4.55	5.45
88	0	12	5.55	6.45
88	0	9	6.55	7.45
88	0	3	7.55	8.45
89	0	7	0.55	1.45
89	0	5	1.55	2.45
89	0	6	2.55	3.45
89	0	18	3.55	4.45
89	0	13	4.55	5.45
89	0	12	5.55	6.45
89	0	9	6.55	7.45
89	0	3	7.55	8.45
90	0	7	0.55	1.45
90	0	5	1.55	2.45
90	0	6	2.55	3.45
90	0	19	3.55	4.45
90	0	13	4.55	5.45
90	0	12	5.55	6.45
90	0	9	6.55	7.45
90	0	3	7.55	8.45
91	0	7	0.55	1.45
91	0	5	1.55	2.45
91	0	6	2.55	3.45
91	0	19	3.55	4.45
91	0	13	4.55	5.45
91	0	12	5.55	6.45
91	0	10	6.55	7.45
91	0	3	7.55	8.45
92	0	8	0.55	1.45
92	0	5	1.55	2.45
92	0	6	2.55	3.45
92	0	19	3.55	4.45
92	0	13	4.55	5.45
92	0	12	5.55	6.45
92	0	10	6.55	7.45
92	0	3	7.55	8.45
93	0	8	0.55	1.45
93	0	5	1.55	2.45
93	0	7	2.55	3.45
93	0	19	3.55	4.45
93	0	13	4.55	5.45
93	0	12	5.55	6.45
93	0	10	6.55	7.45
93	0	3	7.55	8.45
94	0	8	0.55	1.45
94	0	5	1.55	2.45
94	0	7	2.55	3.45
94	0	19	3.55	4.45
94	0	13	4.55	5.45
94	0	13	5.55	6.45
94	0	10	6.55	7.45
94	0	3	7.55	8.45
95	0	8	0.55	1.45
95	0	5	1.55	2.45
95	0	7	2.55	3.45
95	0	19	3.55	4.45
95	0	13	4.55	5.45
95	0	13	5.55	6.45
95	0	10	6.55	7.45
95	0	4	7.55	8.45
96	0	8	0.55	1.45
96	0	5	1.55	2.45
96	0	7	2.55	3.45
96	0	19	3.55	4.45
96	0	14	4.55	5.45
96	0	13	5.55	6.45
96	0	10	6.55	7.45
96	0	4	7.55	8.45
97	0	8	0.55	1.45
97	0	5	1.55	2.45
97	0	7	2.55	3.45
97	0	19	3.55	4.45
97	0	14	4.55	5.45
97	0	14	5.55	6.45
97	0	10	6.55	7.45
97	0	4	7.55	8.45
98	0	8	0.55	1.45
98	0	5	1.55	2.45
98	0	7	2.55	3.45
98	0	20	3.55	4.45
98	0	14	4.55	5.45
98	0	14	5.55	6.45
98	0	10	6.55	7.45
98	0	4	7.55	8.45
99	0	8	0.55	1.45
99	0	6	1.55	2.45
99	0	7	2.55	3.45
99	0	20	3.55	4.45
99	0	14	4.55	5.45
99	0	14	5.55	6.45
99	0	10	6.55	7.45
99	0	4	7.55	8.45
100	0	8	0.55	1.45
100	0	6	1.55	2.45
100	0	7	2.55	3.45
100	0	20	3.55	4.45
100	0	15	4.55	5.45
100	0	14	5.55	6.45
100	0	10	6.55	7.45
100	0	4	7.55	8.45
101	0	8	0.55	1.45
101	0	6	1.55	2.45
101	0	7	2.55	3.45
101	0	20	3.55	4.45
101	0	15	4.55	5.45
101	0	15	5.55	6.45
101	0	10	6.55	7.45
101	0	4	7.55	8.45
102	0	8	0.55	1.45
102	0	6	1.55	2.45
102	0	8	2.55	3.45
102	0	20	3.55	4.45
102	0	15	4.55	5.45
102	0	15	5.55	6.45
102	0	10	6.55	7.45
102	0	4	7.55	8.45
103	0	8	0.55	1.45
103	0	7	1.55	2.45
103	0	8	2.55	3.45
103	0	20	3.55	4.45
103	0	15	4.55	5.45
103	0	15	5.55	6.45
103	0	10	6.55	7.45
103	0	4	7.55	8.45
104	0	8	0.55	1.45
104	0	7	1.55	2.45
104	0	8	2.55	3.45
104	0	20	3.55	4.45
104	0	15	4.55	5.45
104	0	15	5.55	6.45
104	0	11	6.55	7.45
104	0	4	7.55	8.45
105	0	8	0.55	1.45
105	0	7	1.55	2.45
105	0	8	2.55	3.45
105	0	20	3.55	4.45
105	0	15	4.55	5.45
105	0	15	5.55	6.45
105	0	12	6.55	7.45
105	0	4	7.55	8.45
106	0	8	0.55	1.45
106	0	7	1.55	2.45
106	0	8	2.55	3.45
106	0	20	3.55	4.45
106	0	15	4.55	5.45
106	0	15	5.55	6.45
106	0	12	6.55	7.45
106	0	5	7.55	8.45
107	0	8	0.55	1.45
107	0	8	1.55	2.45
107	0	8	2.55	3.45
107	0	20	3.55	4.45
107	0	15	4.55	5.45
107	0	15	5.55	6.45
107	0	12	6.55	7.45
107	0	5	7.55	8.45
108	0	8	0.55	1.45
108	0	8	1.55	2.45
108	0	8	2.55	3.45
108	0	20	3.55	4.45
108	0	15	4.55	5.45
108	0	15	5.55	6.45
108	0	12	6.55	7.45
108	0	6	7.55	8.45
109	0	9	0.55	1.45
109	0	8	1.55	2.45
109	0	8	2.55	3.45
109	0	20	3.55	4.45
109	0	15	4.55	5.45
109	0	15	5.55	6.45
109	0	12	6.55	7.45
109	0	6	7.55	8.45
110	0	9	0.55	1.45
110	0	8	1.55	2.45
110	0	8	2.55	3.45
110	0	21	3.55	4.45
110	0	15	4.55	5.45
110	0	15	5.55	6.45
110	0	12	6.55	7.45
110	0	6	7.55	8.45
111	0	9	0.55	1.45
111	0	8	1.55	2.45
111	0	8	2.55	3.45
111	0	21	3.55	4.45
111	0	16	4.55	5.45
111	0	15	5.55	6.45
111	0	12	6.55	7.45
111	0	6	7.55	8.45
112	0	9	0.55	1.45
112	0	9	1.55	2.45
112	0	8	2.55	3.45
112	0	21	3.55	4.45
112	0	16	4.55	5.45
112	0	15	5.55	6.45
112	0	12	6.55	7.45
112	0	6	7.55	8.45
113	0	9	0.55	1.45
113	0	9	1.55	2.45
113	0	8	2.55	3.45
113	0	21	3.55	4.45
113	0	17	4.55	5.45
113	0	15	5.55	6.45
113	0	12	6.55	7.45
113	0	6	7.55	8.45
114	0	9	0.55	1.45
114	0	9	1.55	2.45
114	0	8	2.55	3.45
114	0	21	3.55	4.45
114	0	18	4.55	5.45
114	0	15	5.55	6.45
114	0	12	6.55	7.45
114	0	6	7.55	8.45
115	0	9	0.55	1.45
115	0	10	1.55	2.45
115	0	8	2.55	3.45
115	0	21	3.55	4.45
115	0	18	4.55	5.45
115	0	15	5.55	6.45
115	0	12	6.55	7.45
115	0	6	7.55	8.45
116	0	9	0.55	1.45
116	0	10	1.55	2.45
116	0	8	2.55	3.45
116	0	21	3.55	4.45
116	0	19	4.55	5.45
116	0	15	5.55	6.45
116	0	12	6.55	7.45
116	0	6	7.55	8.45
117	0	9	0.55	1.45
117	0	11	1.55	2.45
117	0	8	2.55	3.45
117	0	21	3.55	4.45
117	0	19	4.55	5.45
117	0	15	5.55	6.45
117	0	12	6.55	7.45
117	0	6	7.55	8.45
118	0	9	0.55	1.45
118	0	12	1.55	2.45
118	0	8	2.55	3.45
118	0	21	3.55	4.45
118	0	19	4.55	5.45
118	0	15	5.55	6.45
118	0	12	6.55	7.45
118	0	6	7.55	8.45
119	0	9	0.55	1.45
119	0	12	1.55	2.45
119	0	8	2.55	3.45
119	0	21	3.55	4.45
119	0	20	4.55	5.45
119	0	15	5.55	6.45
119	0	12	6.55	7.45
119	0	6	7.55	8.45
120	0	9	0.55	1.45
120	0	12	1.55	2.45
120	0	8	2.55	3.45
120	0	21	3.55	4.45
120	0	21	4.55	5.45
120	0	15	5.55	6.45
120	0	12	6.55	7.45
120	0	6	7.55	8.45
121	0	9	0.55	1.45
121	0	12	1.55	2.45
121	0	8	2.55	3.45
121	0	21	3.55	4.45
121	0	22	4.55	5.45
121	0	15	5.55	6.45
121	0	12	6.55	7.45
121	0	6	7.55	8.45
122	0	9	0.55	1.45
122	0	12	1.55	2.45
122	0	8	2.55	3.45
122	0	21	3.55	4.45
122	0	23	4.55	5.45
122	0	15	5.55	6.45
122	0	12	6.55	7.45
122	0	6	7.55	8.45
123	0	10	0.55	1.45
123	0	12	1.55	2.45
123	0	8	2.55	3.45
123	0	21	3.55	4.45
123	0	23	4.55	5.45
123	0	15	5.55	6.45
123	0	12	6.55	7.45
123	0	6	7.55	8.45
124	0	11	0.55	1.45
124	0	12	1.55	2.45
124	0	8	2.55	3.45
124	0	21	3.55	4.45
124	0	23	4.55	5.45
124	0	15	5.55	6.45
124	0	12	6.55	7.45
124	0	6	7.55	8.45
125	0	11	0.55	1.45
125	0	12	1.55	2.45
125	0	8	2.55	3.45
125	0	21	3.55	4.45
125	0	23	4.55	5.45
125	0	15	5.55	6.45
125	0	12	6.55	7.45
125	0	7	7.55	8.45
126	0	11	0.55	1.45
126	0	13	1.55	2.45
126	0	8	2.55	3.45
126	0	21	3.55	4.45
126	0	23	4.55	5.45
126	0	15	5.55	6.45
126	0	12	6.55	7.45
126	0	7	7.55	8.45
127	0	11	0.55	1.45
127	0	13	1.55	2.45
127	0	8	2.55	3.45
127	0	21	3.55	4.45
127	0	23	4.55	5.45
127	0	15	5.55	6.45
127	0	13	6.55	7.45
127	0	7	7.55	8.45
128	0	11	0.55	1.45
128	0	13	1.55	2.45
128	0	8	2.55	3.45
128	0	21	3.55	4.45
128	0	23	4.55	5.45
128	0	15	5.55	6.45
128	0	13	6.55	7.45
128	0	8	7.55	8.45
129	0	11	0.55	1.45
129	0	13	1.55	2.45
129	0	8	2.55	3.45
129	0	21	3.55	4.45
129	0	23	4.55	5.45
129	0	16	5.55	6.45
129	0	13	6.55	7.45
129	0	8	7.55	8.45
130	0	12	0.55	1.45
130	0	13	1.55	2.45
130	0	8	2.55	3.45
130	0	21	3.55	4.45
130	0	23	4.55	5.45
130	0	16	5.55	6.45
130	0	13	6.55	7.45
130	0	8	7.55	8.45
131	0	12	0.55	1.45
131	0	13	1.55	2.45
131	0	8	2.55	3.45
131	0	22	3.55	4.45
131	0	23	4.55	5.45
131	0	16	5.55	6.45
131	0	13	6.55	7.45
131	0	8	7.55	8.45
132	0	12	0.55	1.45
132	0	13	1.55	2.45
132	0	8	2.55	3.45
132	0	22	3.55	4.45
132	0	23	4.55	5.45
132	0	17	5.55	6.45
132	0	13	6.55	7.45
132	0	8	7.55	8.45
133	0	12	0.55	1.45
133	0	13	1.55	2.45
133	0	8	2.55	3.45
133	0	22	3.55	4.45
133	0	23	4.55	5.45
133	0	17	5.55	6.45
133	0	13	6.55	7.45
133	0	9	7.55	8.45
134	0	12	0.55	1.45
134	0	13	1.55	2.45
134	0	8	2.55	3.45
134	0	23	3.55	4.45
134	0	23	4.55	5.45
134	0	17	5.55	6.45
134	0	13	6.55	7.45
134	0	9	7.55	8.45
135	0	12	0.55	1.45
135	0	13	1.55	2.45
135	0	8	2.55	3.45
135	0	23	3.55	4.45
135	0	24	4.55	5.45
135	0	17	5.55	6.45
135	0	13	6.55	7.45
135	0	9	7.55	8.45
136	0	12	0.55	1.45
136	0	13	1.55	2.45
136	0	8	2.55	3.45
136	0	24	3.55	4.45
136	0	24	4.55	5.45
136	0	17	5.55	6.45
136	0	13	6.55	7.45
136	0	9	7.55	8.45
137	0	13	0.55	1.45
137	0	13	1.55	2.45
137	0	8	2.55	3.45
137	0	24	3.55	4.45
137	0	24	4.55	5.45
137	0	17	5.55	6.45
137	0	13	6.55	7.45
137	0	9	7.55	8.45
138	0	13	0.55	1.45
138	0	13	1.55	2.45
138	0	9	2.55	3.45
138	0	24	3.55	4.45
138	0	24	4.55	5.45
138	0	17	5.55	6.45
138	0	13	6.55	7.45
138	0	9	7.55	8.45
139	0	13	0.55	1.45
139	0	13	1.55	2.45
139	0	9	2.55	3.45
139	0	25	3.55	4.45
139	0	24	4.55	5.45
139	0	17	5.55	6.45
139	0	13	6.55	7.45
139	0	9	7.55	8.45
140	0	13	0.55	1.45
140	0	13	1.55	2.45
140	0	9	2.55	3.45
140	0	25	3.55	4.45
140	0	25	4.55	5.45
140	0	17	5.55	6.45
140	0	13	6.55	7.45
140	0	9	7.55	8.45
141	0	13	0.55	1.45
141	0	14	1.55	2.45
141	0	9	2.55	3.45
141	0	25	3.55	4.45
141	0	25	4.55	5.45
141	0	17	5.55	6.45
141	0	13	6.55	7.45
141	0	9	7.55	8.45
142	0	13	0.55	1.45
142	0	14	1.55	2.45
142	0	9	2.55	3.45
142	0	25	3.55	4.45
142	0	25	4.55	5.45
142	0	18	5.55	6.45
142	0	13	6.55	7.45
142	0	9	7.55	8.45
143	0	13	0.55	1.45
143	0	14	1.55	2.45
143	0	9	2.55	3.45
143	0	25	3.55	4.45
143	0	25	4.55	5.45
143	0	19	5.55	6.45
143	0	13	6.55	7.45
143	0	9	7.55	8.45
144	0	13	0.55	1.45
144	0	14	1.55	2.45
144	0	9	2.55	3.45
144	0	25	3.55	4.45
144	0	25	4.55	5.45
144	0	20	5.55	6.45
144	0	13	6.55	7.45
144	0	9	7.55	8.45
145	0	13	0.55	1.45
145	0	14	1.55	2.45
145	0	9	2.55	3.45
145	0	25	3.55	4.45
145	0	25	4.55	5.45
145	0	20	5.55	6.45
145	0	14	6.55	7.45
145	0	9	7.55	8.45
146	0	13	0.55	1.45
146	0	14	1.55	2.45
146	0	9	2.55	3.45
146	0	25	3.55	4.45
146	0	25	4.55	5.45
146	0	21	5.55	6.45
146	0	14	6.55	7.45
146	0	9	7.55	8.45
147	0	13	0.55	1.45
147	0	14	1.55	2.45
147	0	9	2.55	3.45
147	0	25	3.55	4.45
147	0	26	4.55	5.45
147	0	21	5.55	6.45
147	0	14	6.55	7.45
147	0	9	7.55	8.45
148	0	13	0.55	1.45
148	0	14	1.55	2.45
148	0	9	2.55	3.45
148	0	26	3.55	4.45
148	0	26	4.55	5.45
148	0	21	5.55	6.45
148	0	14	6.55	7.45
148	0	9	7.55	8.45
149	0	13	0.55	1.45
149	0	14	1.55	2.45
149	0	9	2.55	3.45
149	0	26	3.55	4.45
149	0	27	4.55	5.45
149	0	21	5.55	6.45
149	0	14	6.55	7.45
149	0	9	7.55	8.45
150	0	13	0.55	1.45
150	0	14	1.55	2.45
150	0	9	2.55	3.45
150	0	27	3.55	4.45
150	0	27	4.55	5.45
150	0	21	5.55	6.45
150	0	14	6.55	7.45
150	0	9	7.55	8.45
151	0	13	0.55	1.45
151	0	14	1.55	2.45
151	0	10	2.55	3.45
151	0	27	3.55	4.45
151	0	27	4.55	5.45
151	0	21	5.55	6.45
151	0	14	6.55	7.45
151	0	9	7.55	8.45
152	0	13	0.55	1.45
152	0	14	1.55	2.45
152	0	10	2.55	3.45
152	0	27	3.55	4.45
152	0	27	4.55	5.45
152	0	22	5.55	6.45
152	0	14	6.55	7.45
152	0	9	7.55	8.45
153	0	13	0.55	1.45
153	0	14	1.55	2.45
153	0	10	2.55	3.45
153	0	28	3.55	4.45
153	0	27	4.55	5.45
153	0	22	5.55	6.45
153	0	14	6.55	7.45
153	0	9	7.55	8.45
154	0	13	0.55	1.45
154	0	14	1.55	2.45
154	0	10	2.55	3.45
154	0	28	3.55	4.45
154	0	28	4.55	5.45
154	0	22	5.55	6.45
154	0	14	6.55	7.45
154	0	9	7.55	8.45
155	0	13	0.55	1.45
155	0	14	1.55	2.45
155	0	10	2.55	3.45
155	0	28	3.55	4.45
155	0	29	4.55	5.45
155	0	22	5.55	6.45
155	0	14	6.55	7.45
155	0	9	7.55	8.45
156	0	13	0.55	1.45
156	0	14	1.55	2.45
156	0	10	2.55	3.45
156	0	29	3.55	4.45
156	0	29	4.55	5.45
156	0	22	5.55	6.45
156	0	14	6.55	7.45
156	0	9	7.55	8.45
157	0	13	0.55	1.45
157	0	14	1.55	2.45
157	0	10	2.55	3.45
157	0	29	3.55	4.45
157	0	30	4.55	5.45
157	0	22	5.55	6.45
157	0	14	6.55	7.45
157	0	9	7.55	8.45
158	0	13	0.55	1.45
158	0	14	1.55	2.45
158	0	10	2.55	3.45
158	0	30	3.55	4.45
158	0	30	4.55	5.45
158	0	22	5.55	6.45
158	0	14	6.55	7.45
158	0	9	7.55	8.45
159	0	13	0.55	1.45
159	0	14	1.55	2.45
159	0	10	2.55	3.45
159	0	31	3.55	4.45
159	0	30	4.55	5.45
159	0	22	5.55	6.45
159	0	14	6.55	7.45
159	0	9	7.55	8.45
160	0	13	0.55	1.45
160	0	14	1.55	2.45
160	0	10	2.55	3.45
160	0	31	3.55	4.45
160	0	30	4.55	5.45
160	0	22	5.55	6.45
160	0	14	6.55	7.45
160	0	10	7.55	8.45
161	0	13	0.55	1.45
161	0	14	1.55	2.45
161	0	10	2.55	3.45
161	0	31	3.55	4.45
161	0	30	4.55	5.45
161	0	22	5.55	6.45
161	0	14	6.55	7.45
161	0	11	7.55	8.45
162	0	13	0.55	1.45
162	0	14	1.55	2.45
162	0	10	2.55	3.45
162	0	31	3.55	4.45
162	0	31	4.55	5.45
162	0	22	5.55	6.45
162	0	14	6.55	7.45
162	0	11	7.55	8.45
163	0	13	0.55	1.45
163	0	15	1.55	2.45
163	0	10	2.55	3.45
163	0	31	3.55	4.45
163	0	31	4.55	5.45
163	0	22	5.55	6.45
163	0	14	6.55	7.45
163	0	11	7.55	8.45
164	0	14	0.55	1.45
164	0	15	1.55	2.45
164	0	10	2.55	3.45
164	0	31	3.55	4.45
164	0	31	4.55	5.45
164	0	22	5.55	6.45
164	0	14	6.55	7.45
164	0	11	7.55	8.45
165	0	14	0.55	1.45
165	0	15	1.55	2.45
165	0	10	2.55	3.45
165	0	32	3.55	4.45
165	0	31	4.55	5.45
165	0	22	5.55	6.45
165	0	14	6.55	7.45
165	0	11	7.55	8.45
166	0	14	0.55	1.45
166	0	15	1.55	2.45
166	0	10	2.55	3.45
166	0	32	3.55	4.45
166	0	31	4.55	5.45
166	0	23	5.55	6.45
166	0	14	6.55	7.45
166	0	11	7.55	8.45
167	0	14	0.55	1.45
167	0	15	1.55	2.45
167	0	10	2.55	3.45
167	0	33	3.55	4.45
167	0	31	4.55	5.45
167	0	23	5.55	6.45
167	0	14	6.55	7.45
167	0	11	7.55	8.45
168	0	14	0.55	1.45
168	0	15	1.55	2.45
168	0	10	2.55	3.45
168	0	34	3.55	4.45
168	0	31	4.55	5.45
168	0	23	5.55	6.45
168	0	14	6.55	7.45
168	0	11	7.55	8.45
169	0	14	0.55	1.45
169	0	15	1.55	2.45
169	0	10	2.55	3.45
169	0	34	3.55	4.45
169	0	32	4.55	5.45
169	0	23	5.55	6.45
169	0	14	6.55	7.45
169	0	11	7.55	8.45
170	0	14	0.55	1.45
170	0	15	1.55	2.45
170	0	10	2.55	3.45
170	0	34	3.55	4.45
170	0	33	4.55	5.45
170	0	23	5.55	6.45
170	0	14	6.55	7.45
170	0	11	7.55	8.45
171	0	15	0.55	1.45
171	0	15	1.55	2.45
171	0	10	2.55	3.45
171	0	34	3.55	4.45
171	0	33	4.55	5.45
171	0	23	5.55	6.45
171	0	14	6.55	7.45
171	0	11	7.55	8.45
172	0	15	0.55	1.45
172	0	15	1.55	2.45
172	0	10	2.55	3.45
172	0	34	3.55	4.45
172	0	33	4.55	5.45
172	0	24	5.55	6.45
172	0	14	6.55	7.45
172	0	11	7.55	8.45
173	0	15	0.55	1.45
173	0	15	1.55	2.45
173	0	10	2.55	3.45
173	0	34	3.55	4.45
173	0	34	4.55	5.45
173	0	24	5.55	6.45
173	0	14	6.55	7.45
173	0	11	7.55	8.45
174	0	15	0.55	1.45
174	0	15	1.55	2.45
174	0	11	2.55	3.45
174	0	34	3.55	4.45
174	0	34	4.55	5.45
174	0	24	5.55	6.45
174	0	14	6.55	7.45
174	0	11	7.55	8.45
175	0	15	0.55	1.45
175	0	15	1.55	2.45
175	0	11	2.55	3.45
175	0	34	3.55	4.45
175	0	34	4.55	5.45
175	0	24	5.55	6.45
175	0	15	6.55	7.45
175	0	11	7.55	8.45
176	0	15	0.55	1.45
176	0	15	1.55	2.45
176	0	12	2.55	3.45
176	0	34	3.55	4.45
176	0	34	4.55	5.45
176	0	24	5.55	6.45
176	0	15	6.55	7.45
176	0	11	7.55	8.45
177	0	15	0.55	1.45
177	0	15	1.55	2.45
177	0	12	2.55	3.45
177	0	34	3.55	4.45
177	0	34	4.55	5.45
177	0	24	5.55	6.45
177	0	15	6.55	7.45
177	0	12	7.55	8.45
178	0	15	0.55	1.45
178	0	15	1.55	2.45
178	0	12	2.55	3.45
178	0	35	3.55	4.45
178	0	34	4.55	5.45
178	0	24	5.55	6.45
178	0	15	6.55	7.45
178	0	12	7.55	8.45
179	0	15	0.55	1.45
179	0	16	1.55	2.45
179	0	12	2.55	3.45
179	0	35	3.55	4.45
179	0	34	4.55	5.45
179	0	24	5.55	6.45
179	0	15	6.55	7.45
179	0	12	7.55	8.45
180	0	15	0.55	1.45
180	0	17	1.55	2.45
180	0	12	2.55	3.45
180	0	35	3.55	4.45
180	0	34	4.55	5.45
180	0	24	5.55	6.45
180	0	15	6.55	7.45
180	0	12	7.55	8.45
181	0	15	0.55	1.45
181	0	17	1.55	2.45
181	0	12	2.55	3.45
181	0	35	3.55	4.45
181	0	35	4.55	5.45
181	0	24	5.55	6.45
181	0	15	6.55	7.45
181	0	12	7.55	8.45
182	0	15	0.55	1.45
182	0	17	1.55	2.45
182	0	12	2.55	3.45
182	0	35	3.55	4.45
182	0	35	4.55	5.45
182	0	24	5.55	6.45
182	0	16	6.55	7.45
182	0	12	7.55	8.45
183	0	15	0.55	1.45
183	0	18	1.55	2.45
183	0	12	2.55	3.45
183	0	35	3.55	4.45
183	0	35	4.55	5.45
183	0	24	5.55	6.45
183	0	16	6.55	7.45
183	0	12	7.55	8.45
184	0	15	0.55	1.45
184	0	18	1.55	2.45
184	0	12	2.55	3.45
184	0	35	3.55	4.45
184	0	36	4.55	5.45
184	0	24	5.55	6.45
184	0	16	6.55	7.45
184	0	12	7.55	8.45
185	0	15	0.55	1.45
185	0	18	1.55	2.45
185	0	12	2.55	3.45
185	0	35	3.55	4.45
185	0	36	4.55	5.45
185	0	25	5.55	6.45
185	0	16	6.55	7.45
185	0	12	7.55	8.45
186	0	15	0.55	1.45
186	0	18	1.55	2.45
186	0	12	2.55	3.45
186	0	35	3.55	4.45
186	0	36	4.55	5.45
186	0	25	5.55	6.45
186	0	17	6.55	7.45
186	0	12	7.55	8.45
187	0	15	0.55	1.45
187	0	18	1.55	2.45
187	0	12	2.55	3.45
187	0	35	3.55	4.45
187	0	36	4.55	5.45
187	0	25	5.55	6.45
187	0	18	6.55	7.45
187	0	12	7.55	8.45
188	0	15	0.55	1.45
188	0	18	1.55	2.45
188	0	12	2.55	3.45
188	0	35	3.55	4.45
188	0	37	4.55	5.45
188	0	25	5.55	6.45
188	0	18	6.55	7.45
188	0	12	7.55	8.45
189	0	15	0.55	1.45
189	0	18	1.55	2.45
189	0	12	2.55	3.45
189	0	36	3.55	4.45
189	0	37	4.55	5.45
189	0	25	5.55	6.45
189	0	18	6.55	7.45
189	0	12	7.55	8.45
190	0	15	0.55	1.45
190	0	19	1.55	2.45
190	0	12	2.55	3.45
190	0	36	3.55	4.45
190	0	37	4.55	5.45
190	0	25	5.55	6.45
190	0	18	6.55	7.45
190	0	12	7.55	8.45
191	0	15	0.55	1.45
191	0	19	1.55	2.45
191	0	13	2.55	3.45
191	0	36	3.55	4.45
191	0	37	4.55	5.45
191	0	25	5.55	6.45
191	0	18	6.55	7.45
191	0	12	7.55	8.45
192	0	15	0.55	1.45
192	0	19	1.55	2.45
192	0	13	2.55	3.45
192	0	36	3.55	4.45
192	0	37	4.55	5.45
192	0	25	5.55	6.45
192	0	19	6.55	7.45
192	0	12	7.55	8.45
193	0	15	0.55	1.45
193	0	19	1.55	2.45
193	0	13	2.55	3.45
193	0	37	3.55	4.45
193	0	37	4.55	5.45
193	0	25	5.55	6.45
193	0	19	6.55	7.45
193	0	12	7.55	8.45
194	0	15	0.55	1.45
194	0	19	1.55	2.45
194	0	14	2.55	3.45
194	0	37	3.55	4.45
194	0	37	4.55	5.45
194	0	25	5.55	6.45
194	0	19	6.55	7.45
194	0	12	7.55	8.45
195	0	15	0.55	1.45
195	0	19	1.55	2.45
195	0	14	2.55	3.45
195	0	37	3.55	4.45
195	0	37	4.55	5.45
195	0	26	5.55	6.45
195	0	19	6.55	7.45
195	0	12	7.55	8.45
196	0	15	0.55	1.45
196	0	19	1.55	2.45
196	0	14	2.55	3.45
196	0	37	3.55	4.45
196	0	37	4.55	5.45
196	0	27	5.55	6.45
196	0	19	6.55	7.45
196	0	12	7.55	8.45
197	0	15	0.55	1.45
197	0	19	1.55	2.45
197	0	14	2.55	3.45
197	0	37	3.55	4.45
197	0	37	4.55	5.45
197	0	28	5.55	6.45
197	0	19	6.55	7.45
197	0	12	7.55	8.45
198	0	15	0.55	1.45
198	0	19	1.55	2.45
198	0	14	2.55	3.45
198	0	37	3.55	4.45
198	0	38	4.55	5.45
198	0	28	5.55	6.45
198	0	19	6.55	7.45
198	0	12	7.55	8.45
199	0	15	0.55	1.45
199	0	19	1.55	2.45
199	0	14	2.55	3.45
199	0	38	3.55	4.45
199	0	38	4.55	5.45
199	0	28	5.55	6.45
199	0	19	6.55	7.45
199	0	12	7.55	8.45
200	0	15	0.55	1.45
200	0	19	1.55	2.45
200	0	14	2.55	3.45
200	0	38	3.55	4.45
200	0	39	4.55	5.45
200	0	28	5.55	6.45
200	0	19	6.55	7.45
200	0	12	7.55	8.45
201	0	15	0.55	1.45
201	0	19	1.55	2.45
201	0	14	2.55	3.45
201	0	38	3.55	4.45
201	0	39	4.55	5.45
201	0	28	5.55	6.45
201	0	20	6.55	7.45
201	0	12	7.55	8.45
202	0	15	0.55	1.45
202	0	20	1.55	2.45
202	0	14	2.55	3.45
202	0	38	3.55	4.45
202	0	39	4.55	5.45
202	0	28	5.55	6.45
202	0	20	6.55	7.45
202	0	12	7.55	8.45
203	0	15	0.55	1.45
203	0	21	1.55	2.45
203	0	14	2.55	3.45
203	0	38	3.55	4.45
203	0	39	4.55	5.45
203	0	28	5.55	6.45
203	0	20	6.55	7.45
203	0	12	7.55	8.45
204	0	15	0.55	1.45
204	0	21	1.55	2.45
204	0	14	2.55	3.45
204	0	39	3.55	4.45
204	0	39	4.55	5.45
204	0	28	5.55	6.45
204	0	20	6.55	7.45
204	0	12	7.55	8.45
205	0	15	0.55	1.45
205	0	21	1.55	2.45
205	0	14	2.55	3.45
205	0	39	3.55	4.45
205	0	40	4.55	5.45
205	0	28	5.55	6.45
205	0	20	6.55	7.45
205	0	12	7.55	8.45
206	0	15	0.55	1.45
206	0	21	1.55	2.45
206	0	15	2.55	3.45
206	0	39	3.55	4.45
206	0	40	4.55	5.45
206	0	28	5.55	6.45
206	0	20	6.55	7.45
206	0	12	7.55	8.45
207	0	15	0.55	1.45
207	0	21	1.55	2.45
207	0	16	2.55	3.45
207	0	39	3.55	4.45
207	0	40	4.55	5.45
207	0	28	5.55	6.45
207	0	20	6.55	7.45
207	0	12	7.55	8.45
208	0	15	0.55	1.45
208	0	22	1.55	2.45
208	0	16	2.55	3.45
208	0	39	3.55	4.45
208	0	40	4.55	5.45
208	0	28	5.55	6.45
208	0	20	6.55	7.45
208	0	12	7.55	8.45
209	0	15	0.55	1.45
209	0	22	1.55	2.45
209	0	16	2.55	3.45
209	0	40	3.55	4.45
209	0	40	4.55	5.45
209	0	28	5.55	6.45
209	0	20	6.55	7.45
209	0	12	7.55	8.45
210	0	15	0.55	1.45
210	0	22	1.55	2.45
210	0	16	2.55	3.45
210	0	41	3.55	4.45
210	0	40	4.55	5.45
210	0	28	5.55	6.45
210	0	20	6.55	7.45
210	0	12	7.55	8.45
211	0	15	0.55	1.45
211	0	22	1.55	2.45
211	0	16	2.55	3.45
211	0	41	3.55	4.45
211	0	40	4.55	5.45
211	0	29	5.55	6.45
211	0	20	6.55	7.45
211	0	12	7.55	8.45
212	0	15	0.55	1.45
212	0	22	1.55	2.45
212	0	16	2.55	3.45
212	0	41	3.55	4.45
212	0	40	4.55	5.45
212	0	30	5.55	6.45
212	0	20	6.55	7.45
212	0	12	7.55	8.45
213	0	15	0.55	1.45
213	0	22	1.55	2.45
213	0	17	2.55	3.45
213	0	41	3.55	4.45
213	0	40	4.55	5.45
213	0	30	5.55	6.45
213	0	20	6.55	7.45
213	0	12	7.55	8.45
214	0	15	0.55	1.45
214	0	22	1.55	2.45
214	0	17	2.55	3.45
214	0	41	3.55	4.45
214	0	40	4.55	5.45
214	0	31	5.55	6.45
214	0	20	6.55	7.45
214	0	12	7.55	8.45
215	0	15	0.55	1.45
215	0	22	1.55	2.45
215	0	17	2.55	3.45
215	0	42	3.55	4.45
215	0	40	4.55	5.45
215	0	31	5.55	6.45
215	0	20	6.55	7.45
215	0	12	7.55	8.45
216	0	15	0.55	1.45
216	0	23	1.55	2.45
216	0	17	2.55	3.45
216	0	42	3.55	4.45
216	0	40	4.55	5.45
216	0	31	5.55	6.45
216	0	20	6.55	7.45
216	0	12	7.55	8.45
217	0	15	0.55	1.45
217	0	23	1.55	2.45
217	0	17	2.55	3.45
217	0	43	3.55	4.45
217	0	40	4.55	5.45
217	0	31	5.55	6.45
217	0	20	6.55	7.45
217	0	12	7.55	8.45
218	0	15	0.55	1.45
218	0	23	1.55	2.45
218	0	18	2.55	3.45
218	0	43	3.55	4.45
218	0	40	4.55	5.45
218	0	31	5.55	6.45
218	0	20	6.55	7.45
218	0	12	7.55	8.45
219	0	15	0.55	1.45
219	0	24	1.55	2.45
219	0	18	2.55	3.45
219	0	43	3.55	4.45
219	0	40	4.55	5.45
219	0	31	5.55	6.45
219	0	20	6.55	7.45
219	0	12	7.55	8.45
220	0	15	0.55	1.45
220	0	24	1.55	2.45
220	0	18	2.55	3.45
220	0	43	3.55	4.45
220	0	40	4.55	5.45
220	0	32	5.55	6.45
220	0	20	6.55	7.45
220	0	12	7.55	8.45
221	0	15	0.55	1.45
221	0	24	1.55	2.45
221	0	18	2.55	3.45
221	0	43	3.55	4.45
221	0	40	4.55	5.45
221	0	32	5.55	6.45
221	0	20	6.55	7.45
221	0	13	7.55	8.45
222	0	15	0.55	1.45
222	0	24	1.55	2.45
222	0	18	2.55	3.45
222	0	43	3.55	4.45
222	0	40	4.55	5.45
222	0	32	5.55	6.45
222	0	21	6.55	7.45
222	0	13	7.55	8.45
223	0	15	0.55	1.45
223	0	24	1.55	2.45
223	0	18	2.55	3.45
223	0	43	3.55	4.45
223	0	40	4.55	5.45
223	0	32	5.55	6.45
223	0	22	6.55	7.45
223	0	13	7.55	8.45
224	0	15	0.55	1.45
224	0	24	1.55	2.45
224	0	18	2.55	3.45
224	0	44	3.55	4.45
224	0	40	4.55	5.45
224	0	32	5.55	6.45
224	0	22	6.55	7.45
224	0	13	7.55	8.45
225	0	15	0.55	1.45
225	0	24	1.55	2.45
225	0	18	2.55	3.45
225	0	44	3.55	4.45
225	0	41	4.55	5.45
225	0	32	5.55	6.45
225	0	22	6.55	7.45
225	0	13	7.55	8.45
226	0	15	0.55	1.45
226	0	24	1.55	2.45
226	0	18	2.55	3.45
226	0	45	3.55	4.45
226	0	41	4.55	5.45
226	0	32	5.55	6.45
226	0	22	6.55	7.45
226	0	13	7.55	8.45
227	0	15	0.55	1.45
227	0	24	1.55	2.45
227	0	18	2.55	3.45
227	0	45	3.55	4.45
227	0	41	4.55	5.45
227	0	32	5.55	6.45
227	0	22	6.55	7.45
227	0	14	7.55	8.45
228	0	15	0.55	1.45
228	0	24	1.55	2.45
228	0	18	2.55	3.45
228	0	45	3.55	4.45
228	0	41	4.55	5.45
228	0	32	5.55	6.45
228	0	22	6.55	7.45
228	0	15	7.55	8.45
229	0	15	0.55	1.45
229	0	24	1.55	2.45
229	0	18	2.55	3.45
229	0	46	3.55	4.45
229	0	41	4.55	5.45
229	0	32	5.55	6.45
229	0	22	6.55	7.45
229	0	15	7.55	8.45
230	0	15	0.55	1.45
230	0	24	1.55	2.45
230	0	18	2.55	3.45
230	0	46	3.55	4.45
230	0	42	4.55	5.45
230	0	32	5.55	6.45
230	0	22	6.55	7.45
230	0	15	7.55	8.45
231	0	15	0.55	1.45
231	0	24	1.55	2.45
231	0	18	2.55	3.45
231	0	46	3.55	4.45
231	0	43	4.55	5.45
231	0	32	5.55	6.45
231	0	22	6.55	7.45
231	0	15	7.55	8.45
232	0	15	0.55	1.45
232	0	24	1.55	2.45
232	0	18	2.55	3.45
232	0	46	3.55	4.45
232	0	43	4.55	5.45
232	0	33	5.55	6.45
232	0	22	6.55	7.45
232	0	15	7.55	8.45
233	0	15	0.55	1.45
233	0	24	1.55	2.45
233	0	18	2.55	3.45
233	0	47	3.55	4.45
233	0	43	4.55	5.45
233	0	33	5.55	6.45
233	0	22	6.55	7.45
233	0	15	7.55	8.45
234	0	15	0.55	1.45
234	0	24	1.55	2.45
234	0	18	2.55	3.45
234	0	47	3.55	4.45
234	0	43	4.55	5.45
234	0	33	5.55	6.45
234	0	22	6.55	7.45
234	0	16	7.55	8.45
235	0	15	0.55	1.45
235	0	24	1.55	2.45
235	0	18	2.55	3.45
235	0	47	3.55	4.45
235	0	43	4.55	5.45
235	0	33	5.55	6.45
235	0	23	6.55	7.45
235	0	16	7.55	8.45
236	0	15	0.55	1.45
236	0	24	1.55	2.45
236	0	18	2.55	3.45
236	0	48	3.55	4.45
236	0	43	4.55	5.45
236	0	33	5.55	6.45
236	0	23	6.55	7.45
236	0	16	7.55	8.45
237	0	15	0.55	1.45
237	0	24	1.55	2.45
237	0	18	2.55	3.45
237	0	48	3.55	4.45
237	0	43	4.55	5.45
237	0	34	5.55	6.45
237	0	23	6.55	7.45
237	0	16	7.55	8.45
238	0	15	0.55	1.45
238	0	24	1.55	2.45
238	0	18	2.55	3.45
238	0	48	3.55	4.45
238	0	44	4.55	5.45
238	0	34	5.55	6.45
238	0	23	6.55	7.45
238	0	16	7.55	8.45
239	0	15	0.55	1.45
239	0	24	1.55	2.45
239	0	18	2.55	3.45
239	0	48	3.55	4.45
239	0	45	4.55	5.45
239	0	34	5.55	6.45
239	0	23	6.55	7.45
239	0	16	7.55	8.45
240	0	15	0.55	1.45
240	0	24	1.55	2.45
240	0	18	2.55	3.45
240	0	48	3.55	4.45
240	0	46	4.55	5.45
240	0	34	5.55	6.45
240	0	23	6.55	7.45
240	0	16	7.55	8.45
241	0	15	0.55	1.45
241	0	24	1.55	2.45
241	0	18	2.55	3.45
241	0	48	3.55	4.45
241	0	47	4.55	5.45
241	0	34	5.55	6.45
241	0	23	6.55	7.45
241	0	16	7.55	8.45
242	0	16	0.55	1.45
242	0	24	1.55	2.45
242	0	18	2.55	3.45
242	0	48	3.55	4.45
242	0	47	4.55	5.45
242	0	34	5.55	6.45
242	0	23	6.55	7.45
242	0	16	7.55	8.45
243	0	16	0.55	1.45
243	0	24	1.55	2.45
243	0	18	2.55	3.45
243	0	49	3.55	4.45
243	0	47	4.55	5.45
243	0	34	5.55	6.45
243	0	23	6.55	7.45
243	0	16	7.55	8.45
244	0	16	0.55	1.45
244	0	24	1.55	2.45
244	0	19	2.55	3.45
244	0	49	3.55	4.45
244	0	47	4.55	5.45
244	0	34	5.55	6.45
244	0	23	6.55	7.45
244	0	16	7.55	8.45
245	0	16	0.55	1.45
245	0	24	1.55	2.45
245	0	19	2.55	3.45
245	0	49	3.55	4.45
245	0	47	4.55	5.45
245	0	35	5.55	6.45
245	0	23	6.55	7.45
245	0	16	7.55	8.45
246	0	16	0.55	1.45
246	0	24	1.55	2.45
246	0	20	2.55	3.45
246	0	49	3.55	4.45
246	0	47	4.55	5.45
246	0	35	5.55	6.45
246	0	23	6.55	7.45
246	0	16	7.55	8.45
247	0	16	0.55	1.45
247	0	24	1.55	2.45
247	0	20	2.55	3.45
247	0	50	3.55	4.45
247	0	47	4.55	5.45
247	0	35	5.55	6.45
247	0	23	6.55	7.45
247	0	16	7.55	8.45
248	0	16	0.55	1.45
248	0	24	1.55	2.45
248	0	21	2.55	3.45
248	0	50	3.55	4.45
248	0	47	4.55	5.45
248	0	35	5.55	6.45
248	0	23	6.55	7.45
248	0	16	7.55	8.45
249	0	17	0.55	1.45
249	0	24	1.55	2.45
249	0	21	2.55	3.45
249	0	50	3.55	4.45
249	0	47	4.55	5.45
249	0	35	5.55	6.45
249	0	23	6.55	7.45
249	0	16	7.55	8.45
250	0	17	0.55	1.45
250	0	24	1.55	2.45
250	0	21	2.55	3.45
250	0	50	3.55	4.45
250	0	48	4.55	5.45
250	0	35	5.55	6.45
250	0	23	6.55	7.45
250	0	16	7.55	8.45
251	0	17	0.55	1.45
251	0	24	1.55	2.45
251	0	21	2.55	3.45
251	0	50	3.55	4.45
251	0	49	4.55	5.45
251	0	35	5.55	6.45
251	0	23	6.55	7.45
251	0	16	7.55	8.45
252	0	17	0.55	1.45
252	0	24	1.55	2.45
252	0	21	2.55	3.45
252	0	51	3.55	4.45
252	0	49	4.55	5.45
252	0	35	5.55	6.45
252	0	23	6.55	7.45
252	0	16	7.55	8.45
253	0	17	0.55	1.45
253	0	24	1.55	2.45
253	0	21	2.55	3.45
253	0	51	3.55	4.45
253	0	50	4.55	5.45
253	0	35	5.55	6.45
253	0	23	6.55	7.45
253	0	16	7.55	8.45
254	0	17	0.55	1.45
254	0	24	1.55	2.45
254	0	21	2.55	3.45
254	0	52	3.55	4.45
254	0	50	4.55	5.45
254	0	35	5.55	6.45
254	0	23	6.55	7.45
254	0	16	7.55	8.45
255	0	17	0.55	1.45
255	0	24	1.55	2.45
255	0	21	2.55	3.45
255	0	52	3.55	4.45
255	0	50	4.55	5.45
255	0	36	5.55	6.45
255	0	23	6.55	7.45
255	0	16	7.55	8.45
256	0	18	0.55	1.45
256	0	24	1.55	2.45
256	0	21	2.55	3.45
256	0	52	3.55	4.45
256	0	50	4.55	5.45
256	0	36	5.55	6.45
256	0	23	6.55	7.45
256	0	16	7.55	8.45
257	0	18	0.55	1.45
257	0	24	1.55	2.45
257	0	21	2.55	3.45
257	0	53	3.55	4.45
257	0	50	4.55	5.45
257	0	36	5.55	6.45
257	0	23	6.55	7.45
257	0	16	7.55	8.45
258	0	18	0.55	1.45
258	0	24	1.55	2.45
258	0	22	2.55	3.45
258	0	53	3.55	4.45
258	0	50	4.55	5.45
258	0	36	5.55	6.45
258	0	23	6.55	7.45
258	0	16	7.55	8.45
259	0	18	0.55	1.45
259	0	24	1.55	2.45
259	0	22	2.55	3.45
259	0	53	3.55	4.45
259	0	51	4.55	5.45
259	0	36	5.55	6.45
259	0	23	6.55	7.45
259	0	16	7.55	8.45
260	0	18	0.55	1.45
260	0	24	1.55	2.45
260	0	22	2.55	3.45
260	0	54	3.55	4.45
260	0	51	4.55	5.45
260	0	36	5.55	6.45
260	0	23	6.55	7.45
260	0	16	7.55	8.45
261	0	18	0.55	1.45
261	0	24	1.55	2.45
261	0	22	2.55	3.45
261	0	55	3.55	4.45
261	0	51	4.55	5.45
261	0	36	5.55	6.45
261	0	23	6.55	7.45
261	0	16	7.55	8.45
262	0	18	0.55	1.45
262	0	24	1.55	2.45
262	0	22	2.55	3.45
262	0	55	3.55	4.45
262	0	51	4.55	5.45
262	0	37	5.55	6.45
262	0	23	6.55	7.45
262	0	16	7.55	8.45
263	0	18	0.55	1.45
263	0	24	1.55	2.45
263	0	22	2.55	3.45
263	0	56	3.55	4.45
263	0	51	4.55	5.45
263	0	37	5.55	6.45
263	0	23	6.55	7.45
263	0	16	7.55	8.45
264	0	18	0.55	1.45
264	0	24	1.55	2.45
264	0	22	2.55	3.45
264	0	56	3.55	4.45
264	0	51	4.55	5.45
264	0	38	5.55	6.45
264	0	23	6.55	7.45
264	0	16	7.55	8.45
265	0	18	0.55	1.45
265	0	24	1.55	2.45
265	0	22	2.55	3.45
265	0	56	3.55	4.45
265	0	51	4.55	5.45
265	0	38	5.55	6.45
265	0	24	6.55	7.45
265	0	16	7.55	8.45
266	0	18	0.55	1.45
266	0	24	1.55	2.45
266	0	22	2.55	3.45
266	0	57	3.55	4.45
266	0	51	4.55	5.45
266	0	38	5.55	6.45
266	0	24	6.55	7.45
266	0	16	7.55	8.45
